contrast-enhancement,base,51.017871,397.480178,9572.009114,23.504,6.150,1.451
contrast-enhancement,base,49.435399,389.678027,9581.753238,23.540,6.029,1.480
contrast-enhancement,base,53.875989,401.051427,9581.753238,23.390,6.225,1.711
contrast-enhancement,rgb2hsl-with-SIMD,48.260999,393.800594,9618.726059,23.596,6.162,1.419
contrast-enhancement,rgb2hsl-with-SIMD,56.667031,392.229824,9592.932392,23.543,6.122,1.491
contrast-enhancement,rgb2hsl-with-SIMD,48.106357,391.582127,9617.588846,23.615,6.102,1.448
contrast-enhancement,hsl2rgb-with-SIMD,52.382176,392.636415,9611.114913,26.590,6.275,1.458
contrast-enhancement,hsl2rgb-with-SIMD,53.261657,394.950094,9592.754595,23.540,6.159,1.537
contrast-enhancement,hsl2rgb-with-SIMD,51.022148,400.249213,9612.752472,23.610,6.316,1.401
contrast-enhancement,rgb2yuv-with-SIMD,49.858222,391.999968,9592.052032,23.534,6.289,1.497
contrast-enhancement,rgb2yuv-with-SIMD,49.864065,393.730890,9597.354616,23.472,6.120,1.392
contrast-enhancement,rgb2yuv-with-SIMD,54.571974,389.642182,9440.056869,23.235,6.038,1.531
contrast-enhancement,yuv2rgb-with-SIMD,53.312575,394.316953,9609.389239,23.589,6.242,1.487
contrast-enhancement,yuv2rgb-with-SIMD,49.621298,395.809792,9553.827168,23.506,6.114,1.449
contrast-enhancement,yuv2rgb-with-SIMD,51.255729,397.477221,9602.121626,23.594,6.160,1.499