Carpeta,Nodos,NProc,IO time,Processing time,Comms time,Total execution
contrast-mpi,1,1,26666.486,1225.325,141.021,28089.798
contrast-mpi,1,2,32593.744,1029.581,167.616,33845.187
contrast-mpi,1,4,29018.749,852.129,267.756,30191.672
contrast-mpi,1,8,31005.191,868.836,372.392,32302.326
contrast-mpi,1,12,31924.263,1186.523,266.238,33427.806
contrast-mpi,2,2,32000.275,793.056,3518.011,36367.778
contrast-mpi,2,4,32101.851,621.720,3515.772,36296.486
contrast-mpi,2,8,26393.158,531.716,3618.067,30596.914
contrast-mpi,2,12,23581.206,658.140,3536.131,27827.488
contrast-mpi,2,16,23647.987,452.807,3726.372,27878.103
contrast-mpi,2,20,23750.910,521.339,3758.235,28083.237
contrast-mpi,2,24,23653.306,592.868,3592.763,27887.714
contrast-mpi-omp,1,1,24012.112,1228.098,139.738,25436.642
contrast-mpi-omp,1,2,23785.841,1022.037,167.200,25032.031
contrast-mpi-omp,1,4,23957.549,893.203,242.733,25148.452
contrast-mpi-omp,1,8,25208.478,829.156,353.513,26447.438
contrast-mpi-omp,1,12,29664.356,1188.346,267.765,31172.915
contrast-mpi-omp,2,2,24457.355,781.761,3534.771,28828.047
contrast-mpi-omp,2,4,29333.843,635.072,3527.351,33551.736
contrast-mpi-omp,2,8,30527.503,517.077,3620.543,34721.858
contrast-mpi-omp,2,12,23905.025,658.802,3531.685,28147.237
contrast-mpi-omp,2,16,25985.140,480.631,3736.682,30252.452
contrast-mpi-omp,2,20,23845.003,510.740,3794.110,28200.219
contrast-mpi-omp,2,24,24163.099,588.019,3597.685,28397.946
contrast-omp,1,1,24188.099,7360.899,0.000,31556.371
contrast-omp,1,2,23567.496,4552.735,0.000,28128.142
contrast-omp,1,4,28022.157,2659.632,0.000,30689.564
contrast-omp,1,6,34593.602,1859.119,0.000,36460.390
contrast-omp,1,8,23833.214,1614.441,0.000,25455.954
contrast-omp,1,10,30532.445,1417.432,0.000,31958.315
contrast-omp,1,12,26970.828,1234.900,0.000,28213.944
